runNumber,MBD_NandS_geq_1,Jet_6_GeV_plus_MBD_NS_geq_1,Jet_8_GeV_plus_MBD_NS_geq_1,Jet_10_GeV_plus_MBD_NS_geq_1,Jet_12_GeV_plus_MBD_NS_geq_1,Photon_2_GeV_plus_MBD_NS_geq_1,Photon_3_GeV_plus_MBD_NS_geq_1,Photon_4_GeV_plus_MBD_NS_geq_1,Photon_5_GeV_plus_MBD_NS_geq_1
46619,ON,OFF,ON,ON,ON,OFF,ON,ON,ON
46640,ON,OFF,ON,ON,ON,OFF,ON,ON,ON
46649,ON,OFF,ON,ON,ON,OFF,ON,ON,ON
46656,ON,OFF,ON,ON,ON,OFF,ON,ON,ON
46657,ON,OFF,ON,ON,ON,OFF,ON,ON,ON
46661,ON,OFF,ON,ON,ON,OFF,ON,ON,ON
46665,ON,OFF,ON,ON,ON,OFF,ON,ON,ON
46667,ON,OFF,ON,ON,ON,OFF,ON,ON,ON
46668,ON,OFF,ON,ON,ON,OFF,ON,ON,ON
46670,ON,OFF,ON,ON,ON,OFF,ON,ON,ON
46676,ON,OFF,ON,ON,ON,OFF,ON,ON,ON
46681,ON,OFF,ON,ON,ON,OFF,ON,ON,ON
46750,ON,OFF,ON,ON,ON,OFF,ON,ON,ON
46751,ON,OFF,ON,ON,ON,OFF,ON,ON,ON
46753,ON,OFF,ON,ON,ON,OFF,ON,ON,ON
46756,ON,OFF,ON,ON,ON,OFF,ON,ON,ON
46759,ON,OFF,ON,ON,ON,OFF,ON,ON,ON
46767,ON,OFF,ON,ON,ON,OFF,ON,ON,ON
46772,ON,OFF,ON,ON,ON,OFF,ON,ON,ON
46775,ON,OFF,ON,ON,ON,OFF,ON,ON,ON
46912,ON,OFF,ON,ON,ON,OFF,ON,ON,ON
46917,ON,OFF,ON,ON,ON,OFF,ON,ON,ON
46918,ON,OFF,ON,ON,ON,OFF,ON,ON,ON
46941,ON,OFF,ON,ON,ON,OFF,ON,ON,ON
46949,ON,OFF,ON,ON,ON,OFF,ON,ON,ON
46951,ON,OFF,ON,ON,ON,OFF,ON,ON,ON
46952,ON,OFF,ON,ON,ON,OFF,ON,ON,ON
46967,ON,OFF,ON,ON,ON,OFF,ON,ON,ON
47002,ON,OFF,ON,ON,ON,OFF,ON,ON,ON
47006,ON,OFF,ON,ON,ON,OFF,ON,ON,ON
47007,ON,OFF,ON,ON,ON,OFF,ON,ON,ON
47008,ON,OFF,ON,ON,ON,OFF,ON,ON,ON
47009,ON,OFF,ON,ON,ON,OFF,ON,ON,ON
47017,ON,OFF,ON,ON,ON,OFF,ON,ON,ON
47019,ON,OFF,ON,ON,ON,OFF,ON,ON,ON
47022,ON,OFF,ON,ON,ON,OFF,ON,ON,ON
47033,ON,OFF,ON,ON,ON,OFF,ON,ON,ON
47034,ON,OFF,ON,ON,ON,OFF,ON,ON,ON
47037,ON,OFF,ON,ON,ON,OFF,ON,ON,ON
47038,ON,OFF,ON,ON,ON,OFF,ON,ON,ON
47040,ON,OFF,ON,ON,ON,OFF,ON,ON,ON
47041,ON,OFF,ON,ON,ON,OFF,ON,ON,ON
47043,ON,OFF,ON,ON,ON,OFF,ON,ON,ON
47050,ON,OFF,ON,ON,ON,OFF,ON,ON,ON
47051,ON,OFF,ON,ON,ON,OFF,ON,ON,ON
47053,ON,OFF,ON,ON,ON,OFF,ON,ON,ON
47055,ON,OFF,ON,ON,ON,OFF,ON,ON,ON
47056,ON,OFF,ON,ON,ON,OFF,ON,ON,ON
47060,ON,OFF,ON,ON,ON,OFF,ON,ON,ON
47061,ON,OFF,ON,ON,ON,OFF,ON,ON,ON
47064,ON,OFF,ON,ON,ON,OFF,ON,ON,ON
47066,ON,OFF,ON,ON,ON,OFF,ON,ON,ON
47068,ON,OFF,ON,ON,ON,OFF,ON,ON,ON
47089,ON,OFF,ON,ON,ON,OFF,ON,ON,ON
47098,ON,OFF,ON,ON,ON,OFF,ON,ON,ON
47100,ON,OFF,ON,ON,ON,OFF,ON,ON,ON
47101,ON,OFF,ON,ON,ON,OFF,ON,ON,ON
47102,ON,OFF,ON,ON,ON,OFF,ON,ON,ON
47104,ON,OFF,ON,ON,ON,OFF,ON,ON,ON
47114,ON,OFF,ON,ON,ON,OFF,ON,ON,ON
47115,ON,OFF,ON,ON,ON,OFF,ON,ON,ON
47116,ON,OFF,ON,ON,ON,OFF,ON,ON,ON
47123,ON,OFF,ON,ON,ON,OFF,ON,ON,ON
47124,ON,OFF,ON,ON,ON,OFF,ON,ON,ON
47125,ON,OFF,ON,ON,ON,OFF,ON,ON,ON
47129,ON,OFF,ON,ON,ON,OFF,ON,ON,ON
47130,ON,OFF,ON,ON,ON,OFF,ON,ON,ON
47131,ON,OFF,ON,ON,ON,OFF,ON,ON,ON
47135,ON,OFF,ON,ON,ON,OFF,ON,ON,ON
47138,ON,OFF,ON,ON,ON,OFF,ON,ON,ON
47139,ON,OFF,ON,ON,ON,OFF,ON,ON,ON
47140,ON,OFF,ON,ON,ON,OFF,ON,ON,ON
47143,ON,OFF,ON,ON,ON,OFF,ON,ON,ON
47146,ON,OFF,ON,ON,ON,OFF,ON,ON,ON
47155,ON,OFF,ON,ON,ON,OFF,ON,ON,ON
47156,ON,OFF,ON,ON,ON,OFF,ON,ON,ON
47158,ON,OFF,ON,ON,ON,OFF,ON,ON,ON
47160,ON,OFF,ON,ON,ON,OFF,ON,ON,ON
47161,ON,OFF,ON,ON,ON,OFF,ON,ON,ON
47162,ON,OFF,ON,ON,ON,OFF,ON,ON,ON
47198,ON,OFF,ON,ON,ON,OFF,ON,ON,ON
47202,ON,OFF,ON,ON,ON,OFF,ON,ON,ON
47203,ON,OFF,ON,ON,ON,OFF,ON,ON,ON
47216,ON,OFF,ON,ON,ON,OFF,ON,ON,ON
47218,ON,OFF,ON,ON,ON,OFF,ON,ON,ON
47219,ON,OFF,ON,ON,ON,OFF,ON,ON,ON
47229,ON,OFF,ON,ON,ON,OFF,ON,ON,ON
47230,ON,OFF,ON,ON,ON,OFF,ON,ON,ON
47289,ON,OFF,ON,ON,ON,OFF,ON,ON,ON
47293,ON,OFF,ON,ON,ON,OFF,ON,ON,ON
47306,ON,OFF,ON,ON,ON,OFF,ON,ON,ON
47310,ON,OFF,ON,ON,ON,OFF,ON,ON,ON
47313,ON,OFF,ON,ON,ON,OFF,ON,ON,ON
47314,ON,OFF,ON,ON,ON,OFF,ON,ON,ON
47315,ON,OFF,ON,ON,ON,OFF,ON,ON,ON
47316,ON,OFF,ON,ON,ON,OFF,ON,ON,ON
47333,ON,OFF,ON,ON,ON,OFF,ON,ON,ON
47334,ON,OFF,ON,ON,ON,OFF,ON,ON,ON
47352,ON,OFF,ON,ON,ON,OFF,ON,ON,ON
47357,ON,OFF,ON,ON,ON,OFF,ON,ON,ON
47360,ON,OFF,ON,ON,ON,OFF,ON,ON,ON
47363,ON,OFF,ON,ON,ON,OFF,ON,ON,ON
47376,ON,OFF,ON,ON,ON,OFF,ON,ON,ON
47377,ON,OFF,ON,ON,ON,OFF,ON,ON,ON
47378,ON,OFF,ON,ON,ON,OFF,ON,ON,ON
47379,ON,OFF,ON,ON,ON,OFF,ON,ON,ON
47380,ON,OFF,ON,ON,ON,OFF,ON,ON,ON
47381,ON,OFF,ON,ON,ON,OFF,ON,ON,ON
47382,ON,OFF,ON,ON,ON,OFF,ON,ON,ON
47391,ON,OFF,ON,ON,ON,OFF,ON,ON,ON
47393,ON,OFF,ON,ON,ON,OFF,ON,ON,ON
47394,ON,OFF,ON,ON,ON,OFF,ON,ON,ON
47395,ON,OFF,ON,ON,ON,OFF,ON,ON,ON
47396,ON,OFF,ON,ON,ON,OFF,ON,ON,ON
47440,ON,OFF,ON,ON,ON,OFF,ON,ON,ON
47454,ON,OFF,ON,ON,ON,OFF,ON,ON,ON
47457,ON,OFF,ON,ON,ON,OFF,ON,ON,ON
47458,ON,OFF,ON,ON,ON,OFF,ON,ON,ON
47459,ON,OFF,ON,ON,ON,OFF,ON,ON,ON
47461,ON,OFF,ON,ON,ON,OFF,ON,ON,ON
47463,ON,OFF,ON,ON,ON,OFF,ON,ON,ON
47464,ON,OFF,ON,ON,ON,OFF,ON,ON,ON
47474,ON,OFF,ON,ON,ON,OFF,ON,ON,ON
47478,ON,OFF,ON,ON,ON,OFF,ON,ON,ON
47480,ON,OFF,ON,ON,ON,OFF,ON,ON,ON
47481,ON,OFF,ON,ON,ON,OFF,ON,ON,ON
47482,ON,OFF,ON,ON,ON,OFF,ON,ON,ON
47484,ON,OFF,ON,ON,ON,OFF,ON,ON,ON
47485,ON,OFF,ON,ON,ON,OFF,ON,ON,ON
47489,ON,OFF,ON,ON,ON,OFF,ON,ON,ON
47491,ON,OFF,ON,ON,ON,OFF,ON,ON,ON
47492,ON,OFF,ON,ON,ON,OFF,ON,ON,ON
47494,ON,OFF,ON,ON,ON,OFF,ON,ON,ON
47495,ON,OFF,ON,ON,ON,OFF,ON,ON,ON
47497,ON,OFF,ON,ON,ON,OFF,ON,ON,ON
47501,ON,OFF,ON,ON,ON,OFF,ON,ON,ON
47502,ON,OFF,ON,ON,ON,OFF,ON,ON,ON
47503,ON,OFF,ON,ON,ON,OFF,ON,ON,ON
47506,ON,OFF,ON,ON,ON,OFF,ON,ON,ON
47507,ON,OFF,ON,ON,ON,OFF,ON,ON,ON
47509,ON,OFF,ON,ON,ON,OFF,ON,ON,ON
47513,ON,OFF,ON,ON,ON,OFF,ON,ON,ON
47514,ON,OFF,ON,ON,ON,OFF,ON,ON,ON
47516,ON,OFF,ON,ON,ON,OFF,ON,ON,ON
47517,ON,OFF,ON,ON,ON,OFF,ON,ON,ON
47519,ON,OFF,ON,ON,ON,OFF,ON,ON,ON
47521,ON,OFF,ON,ON,ON,OFF,ON,ON,ON
47522,ON,OFF,ON,ON,ON,OFF,ON,ON,ON
47524,ON,OFF,ON,ON,ON,OFF,ON,ON,ON
47525,ON,OFF,ON,ON,ON,OFF,ON,ON,ON
47540,ON,OFF,ON,ON,ON,OFF,ON,ON,ON
47547,ON,OFF,ON,ON,ON,OFF,ON,ON,ON
47549,ON,OFF,ON,ON,ON,OFF,ON,ON,ON
47552,ON,OFF,ON,ON,ON,OFF,ON,ON,ON
47557,ON,OFF,ON,ON,ON,OFF,ON,ON,ON
47568,ON,OFF,ON,ON,ON,OFF,ON,ON,ON
47582,ON,OFF,ON,ON,ON,OFF,ON,ON,ON
47601,ON,OFF,ON,ON,ON,OFF,ON,ON,ON
47628,ON,OFF,ON,ON,ON,OFF,ON,ON,ON
47634,ON,OFF,ON,ON,ON,OFF,ON,ON,ON
47635,ON,OFF,ON,ON,ON,OFF,ON,ON,ON
47636,ON,OFF,ON,ON,ON,OFF,ON,ON,ON
47637,ON,OFF,ON,ON,ON,OFF,ON,ON,ON
47638,ON,OFF,ON,ON,ON,OFF,ON,ON,ON
47650,ON,OFF,ON,ON,ON,OFF,ON,ON,ON
47657,ON,OFF,ON,ON,ON,OFF,ON,ON,ON
47658,ON,OFF,ON,ON,ON,OFF,ON,ON,ON
47659,ON,OFF,ON,ON,ON,OFF,ON,ON,ON
47661,ON,OFF,ON,ON,ON,OFF,ON,ON,ON
47662,ON,OFF,ON,ON,ON,OFF,ON,ON,ON
47664,ON,OFF,ON,ON,ON,OFF,ON,ON,ON
47666,ON,OFF,ON,ON,ON,OFF,ON,ON,ON
47667,ON,OFF,ON,ON,ON,OFF,ON,ON,ON
47698,OFF,OFF,OFF,OFF,OFF,OFF,OFF,OFF,OFF
47714,ON,OFF,ON,ON,ON,OFF,ON,ON,ON
47715,ON,OFF,ON,ON,ON,OFF,ON,ON,ON
47716,ON,OFF,ON,ON,ON,OFF,ON,ON,ON
47719,ON,OFF,ON,ON,ON,OFF,ON,ON,ON
47720,ON,OFF,ON,ON,ON,OFF,ON,ON,ON
47722,ON,OFF,ON,ON,ON,OFF,ON,ON,ON
47723,ON,OFF,ON,ON,ON,OFF,ON,ON,ON
47724,ON,OFF,ON,ON,ON,OFF,ON,ON,ON
47725,ON,OFF,ON,ON,ON,OFF,ON,ON,ON
47726,ON,OFF,ON,ON,ON,OFF,ON,ON,ON
47727,ON,OFF,ON,ON,ON,OFF,ON,ON,ON
47730,ON,OFF,ON,ON,ON,OFF,ON,ON,ON
47732,ON,OFF,ON,ON,ON,OFF,ON,ON,ON
47733,ON,OFF,ON,ON,ON,OFF,ON,ON,ON
47783,ON,OFF,ON,ON,ON,OFF,ON,ON,ON
47791,ON,OFF,ON,ON,ON,OFF,ON,ON,ON
47810,ON,OFF,ON,ON,ON,OFF,ON,ON,ON
47824,ON,OFF,ON,ON,ON,OFF,ON,ON,ON
47831,ON,OFF,ON,ON,ON,OFF,ON,ON,ON
47834,ON,OFF,ON,ON,ON,OFF,ON,ON,ON
47836,ON,OFF,ON,ON,ON,OFF,ON,ON,ON
47852,ON,OFF,ON,ON,ON,OFF,ON,ON,ON
47856,ON,OFF,ON,ON,ON,OFF,ON,ON,ON
47869,ON,OFF,ON,ON,ON,OFF,ON,ON,ON
47873,ON,OFF,ON,ON,ON,OFF,ON,ON,ON
47889,ON,OFF,ON,ON,ON,OFF,ON,ON,ON
47890,ON,OFF,ON,ON,ON,OFF,ON,ON,ON
47892,ON,OFF,ON,ON,ON,OFF,ON,ON,ON
47893,ON,OFF,ON,ON,ON,OFF,ON,ON,ON
47940,ON,OFF,ON,ON,ON,OFF,ON,ON,ON
47944,ON,OFF,ON,ON,ON,OFF,ON,ON,ON
47946,ON,OFF,ON,ON,ON,OFF,ON,ON,ON
47972,ON,OFF,ON,ON,ON,OFF,ON,ON,ON
47975,ON,OFF,ON,ON,ON,OFF,ON,ON,ON
47976,ON,OFF,ON,ON,ON,OFF,ON,ON,ON
47977,ON,OFF,ON,ON,ON,OFF,ON,ON,ON
47978,ON,OFF,ON,ON,ON,OFF,ON,ON,ON
47979,ON,OFF,ON,ON,ON,OFF,ON,ON,ON
47982,ON,OFF,ON,ON,ON,OFF,ON,ON,ON
47999,ON,OFF,ON,ON,ON,OFF,ON,ON,ON
48001,ON,OFF,ON,ON,ON,OFF,ON,ON,ON
48002,ON,OFF,ON,ON,ON,OFF,ON,ON,ON
48008,ON,OFF,ON,ON,ON,OFF,ON,ON,ON
48011,ON,OFF,ON,ON,ON,OFF,ON,ON,ON
48073,ON,OFF,ON,ON,ON,OFF,ON,ON,ON
48079,ON,OFF,ON,ON,ON,OFF,ON,ON,ON
48082,ON,OFF,ON,ON,ON,OFF,ON,ON,ON
48084,ON,OFF,ON,ON,ON,OFF,ON,ON,ON
48085,ON,OFF,ON,ON,ON,OFF,ON,ON,ON
48086,ON,OFF,ON,ON,ON,OFF,ON,ON,ON
48089,ON,OFF,ON,ON,ON,OFF,ON,ON,ON
48097,ON,OFF,ON,ON,ON,OFF,ON,ON,ON
48099,ON,OFF,ON,ON,ON,OFF,ON,ON,ON
48166,ON,OFF,OFF,OFF,OFF,OFF,OFF,OFF,OFF
48181,ON,OFF,ON,ON,ON,OFF,ON,ON,ON
48185,ON,OFF,ON,ON,ON,OFF,ON,ON,ON
48230,ON,OFF,ON,ON,ON,OFF,ON,ON,ON
48233,ON,OFF,ON,ON,ON,OFF,ON,ON,ON
48236,ON,OFF,ON,ON,ON,OFF,ON,ON,ON
48237,ON,OFF,ON,ON,ON,OFF,ON,ON,ON
48239,ON,OFF,ON,ON,ON,OFF,ON,ON,ON
48240,ON,OFF,ON,ON,ON,OFF,ON,ON,ON
48244,ON,OFF,OFF,OFF,OFF,OFF,OFF,OFF,OFF
48245,ON,OFF,ON,ON,ON,OFF,ON,ON,ON
48246,ON,OFF,ON,ON,ON,OFF,ON,ON,ON
48253,ON,OFF,ON,ON,ON,OFF,ON,ON,ON
48255,ON,OFF,ON,ON,ON,OFF,ON,ON,ON
48256,ON,OFF,ON,ON,ON,OFF,ON,ON,ON
48257,ON,OFF,ON,ON,ON,OFF,ON,ON,ON
48258,ON,OFF,ON,ON,ON,OFF,ON,ON,ON
48259,ON,OFF,ON,ON,ON,OFF,ON,ON,ON
48260,ON,OFF,ON,ON,ON,OFF,ON,ON,ON
48261,ON,OFF,ON,ON,ON,OFF,ON,ON,ON
48262,ON,OFF,ON,ON,ON,OFF,ON,ON,ON
48263,ON,OFF,ON,ON,ON,OFF,ON,ON,ON
48265,ON,OFF,ON,ON,ON,OFF,ON,ON,ON
48290,ON,OFF,ON,ON,ON,OFF,ON,ON,ON
48291,ON,OFF,ON,ON,ON,OFF,ON,ON,ON
48293,ON,OFF,ON,ON,ON,OFF,ON,ON,ON
48294,ON,OFF,ON,ON,ON,OFF,ON,ON,ON
48295,ON,OFF,ON,ON,ON,OFF,ON,ON,ON
48307,ON,OFF,ON,ON,ON,OFF,ON,ON,ON
48312,ON,OFF,ON,ON,ON,OFF,ON,ON,ON
48313,ON,OFF,ON,ON,ON,OFF,ON,ON,ON
48318,ON,OFF,ON,ON,ON,OFF,ON,ON,ON
48320,ON,OFF,ON,ON,ON,OFF,ON,ON,ON
48323,ON,OFF,ON,ON,ON,OFF,ON,ON,ON
48325,ON,OFF,ON,ON,ON,OFF,ON,ON,ON
48326,ON,OFF,ON,ON,ON,OFF,ON,ON,ON
48327,ON,OFF,ON,ON,ON,OFF,ON,ON,ON
48336,ON,OFF,ON,ON,ON,OFF,ON,ON,ON
48337,ON,OFF,ON,ON,ON,OFF,ON,ON,ON
48341,ON,OFF,ON,ON,ON,OFF,ON,ON,ON
48342,ON,OFF,ON,ON,ON,OFF,ON,ON,ON
48343,ON,OFF,ON,ON,ON,OFF,ON,ON,ON
48346,ON,OFF,ON,ON,ON,OFF,ON,ON,ON
48347,ON,OFF,ON,ON,ON,OFF,ON,ON,ON
48348,ON,OFF,ON,ON,ON,OFF,ON,ON,ON
48349,ON,OFF,ON,ON,ON,OFF,ON,ON,ON
48352,ON,OFF,ON,ON,ON,OFF,ON,ON,ON
48356,ON,OFF,ON,ON,ON,OFF,ON,ON,ON
48357,ON,OFF,ON,ON,ON,OFF,ON,ON,ON
48358,ON,OFF,ON,ON,ON,OFF,ON,ON,ON
48359,ON,OFF,ON,ON,ON,OFF,ON,ON,ON
48364,ON,OFF,ON,ON,ON,OFF,ON,ON,ON
48366,ON,OFF,ON,ON,ON,OFF,ON,ON,ON
48367,ON,OFF,ON,ON,ON,OFF,ON,ON,ON
48368,ON,OFF,ON,ON,ON,OFF,ON,ON,ON
48369,ON,OFF,ON,ON,ON,OFF,ON,ON,ON
48398,ON,OFF,ON,ON,ON,OFF,ON,ON,ON
48409,ON,OFF,ON,ON,ON,OFF,ON,ON,ON
48410,ON,OFF,ON,ON,ON,OFF,ON,ON,ON
48412,ON,OFF,ON,ON,ON,OFF,ON,ON,ON
48416,ON,OFF,ON,ON,ON,OFF,ON,ON,ON
48417,ON,OFF,ON,ON,ON,OFF,ON,ON,ON
48418,ON,OFF,ON,ON,ON,OFF,ON,ON,ON
48421,ON,OFF,ON,ON,ON,OFF,ON,ON,ON
48423,ON,OFF,ON,ON,ON,OFF,ON,ON,ON
48455,ON,OFF,ON,ON,ON,OFF,ON,ON,ON
48456,ON,OFF,ON,ON,ON,OFF,ON,ON,ON
48461,ON,OFF,ON,ON,ON,OFF,ON,ON,ON
48462,ON,OFF,ON,ON,ON,OFF,ON,ON,ON
48469,ON,OFF,ON,ON,ON,OFF,ON,ON,ON
48471,ON,OFF,ON,ON,ON,OFF,ON,ON,ON
48510,ON,OFF,ON,ON,ON,OFF,ON,ON,ON
48511,ON,OFF,ON,ON,ON,OFF,ON,ON,ON
48512,ON,OFF,ON,ON,ON,OFF,ON,ON,ON
48513,ON,OFF,ON,ON,ON,OFF,ON,ON,ON
48514,ON,OFF,ON,ON,ON,OFF,ON,ON,ON
48516,ON,OFF,ON,ON,ON,OFF,ON,ON,ON
48518,ON,OFF,ON,ON,ON,OFF,ON,ON,ON
48519,ON,OFF,ON,ON,ON,OFF,ON,ON,ON
48520,ON,OFF,ON,ON,ON,OFF,ON,ON,ON
48521,ON,OFF,ON,ON,ON,OFF,ON,ON,ON
48522,ON,OFF,ON,ON,ON,OFF,ON,ON,ON
48529,ON,OFF,ON,ON,ON,OFF,ON,ON,ON
48530,ON,OFF,ON,ON,ON,OFF,ON,ON,ON
48531,ON,OFF,ON,ON,ON,OFF,ON,ON,ON
48532,ON,OFF,ON,ON,ON,OFF,ON,ON,ON
48533,ON,OFF,ON,ON,ON,OFF,ON,ON,ON
48635,ON,OFF,ON,ON,ON,OFF,ON,ON,ON
48636,ON,OFF,ON,ON,ON,OFF,ON,ON,ON
48645,ON,OFF,ON,ON,ON,OFF,ON,ON,ON
48656,ON,OFF,ON,ON,ON,OFF,ON,ON,ON
48657,ON,OFF,ON,ON,ON,OFF,ON,ON,ON
48658,ON,OFF,ON,ON,ON,OFF,ON,ON,ON
48660,ON,OFF,ON,ON,ON,OFF,ON,ON,ON
48701,ON,OFF,ON,ON,ON,OFF,ON,ON,ON
48720,ON,OFF,ON,ON,ON,OFF,ON,ON,ON
48721,ON,OFF,ON,ON,ON,OFF,ON,ON,ON
48722,ON,OFF,ON,ON,ON,OFF,ON,ON,ON
48725,ON,OFF,ON,ON,ON,OFF,ON,ON,ON
48726,ON,OFF,ON,ON,ON,OFF,ON,ON,ON
48727,ON,OFF,ON,ON,ON,OFF,ON,ON,ON
48731,ON,OFF,ON,ON,ON,OFF,ON,ON,ON
48732,ON,OFF,ON,ON,ON,OFF,ON,ON,ON
48734,ON,OFF,ON,ON,ON,OFF,ON,ON,ON
48742,ON,OFF,ON,ON,ON,OFF,ON,ON,ON
48743,ON,OFF,ON,ON,ON,OFF,ON,ON,ON
48745,ON,OFF,ON,ON,ON,OFF,ON,ON,ON
48746,ON,OFF,ON,ON,ON,OFF,ON,ON,ON
48801,ON,OFF,ON,ON,ON,OFF,ON,ON,ON
48803,ON,OFF,ON,ON,ON,OFF,ON,ON,ON
48805,ON,OFF,ON,ON,ON,OFF,ON,ON,ON
48806,ON,OFF,ON,ON,ON,OFF,ON,ON,ON
48807,ON,OFF,ON,ON,ON,OFF,ON,ON,ON
48810,ON,OFF,ON,ON,ON,OFF,ON,ON,ON
48813,ON,OFF,ON,ON,ON,OFF,ON,ON,ON
48824,ON,OFF,ON,ON,ON,OFF,ON,ON,ON
48826,ON,OFF,ON,ON,ON,OFF,ON,ON,ON
48828,ON,OFF,ON,ON,ON,OFF,ON,ON,ON
48829,ON,OFF,ON,ON,ON,OFF,ON,ON,ON
48832,ON,OFF,ON,ON,ON,OFF,ON,ON,ON
48836,ON,OFF,ON,ON,ON,OFF,ON,ON,ON
48838,ON,OFF,ON,ON,ON,OFF,ON,ON,ON
48839,ON,OFF,ON,ON,ON,OFF,ON,ON,ON
48863,ON,OFF,ON,ON,ON,OFF,ON,ON,ON
48864,ON,OFF,ON,ON,ON,OFF,ON,ON,ON
48865,ON,OFF,ON,ON,ON,OFF,ON,ON,ON
48867,ON,OFF,ON,ON,ON,OFF,ON,ON,ON
48883,ON,OFF,ON,ON,ON,OFF,ON,ON,ON
48885,ON,OFF,ON,ON,ON,OFF,ON,ON,ON
48891,ON,OFF,ON,ON,ON,OFF,ON,ON,ON
48892,ON,OFF,ON,ON,ON,OFF,ON,ON,ON
48893,ON,OFF,ON,ON,ON,OFF,ON,ON,ON
48894,ON,OFF,ON,ON,ON,OFF,ON,ON,ON
48895,ON,OFF,ON,ON,ON,OFF,ON,ON,ON
48897,ON,OFF,ON,ON,ON,OFF,ON,ON,ON
48899,ON,OFF,ON,ON,ON,OFF,ON,ON,ON
48900,ON,OFF,ON,ON,ON,OFF,ON,ON,ON
48901,ON,OFF,ON,ON,ON,OFF,ON,ON,ON
48902,ON,OFF,ON,ON,ON,OFF,ON,ON,ON
48903,ON,OFF,ON,ON,ON,OFF,ON,ON,ON
48935,ON,OFF,ON,ON,ON,OFF,ON,ON,ON
48938,ON,OFF,ON,ON,ON,OFF,ON,ON,ON
48940,ON,OFF,ON,ON,ON,OFF,ON,ON,ON
48943,ON,OFF,ON,ON,ON,OFF,ON,ON,ON
48946,ON,OFF,ON,ON,ON,OFF,ON,ON,ON
48949,ON,OFF,ON,ON,ON,OFF,ON,ON,ON
48951,ON,OFF,ON,ON,ON,OFF,ON,ON,ON
48971,ON,OFF,ON,ON,ON,OFF,ON,ON,ON
48982,ON,OFF,ON,ON,ON,OFF,ON,ON,ON
48983,ON,OFF,ON,ON,ON,OFF,ON,ON,ON
48984,ON,OFF,ON,ON,ON,OFF,ON,ON,ON
48985,ON,OFF,ON,ON,ON,OFF,ON,ON,ON
48986,ON,OFF,ON,ON,ON,OFF,ON,ON,ON
48987,ON,OFF,ON,ON,ON,OFF,ON,ON,ON
48988,ON,OFF,ON,ON,ON,OFF,ON,ON,ON
48990,ON,OFF,ON,ON,ON,OFF,ON,ON,ON
48991,ON,OFF,ON,ON,ON,OFF,ON,ON,ON
49023,ON,OFF,ON,ON,ON,OFF,ON,ON,ON
49026,ON,OFF,ON,ON,ON,OFF,ON,ON,ON
49027,ON,OFF,ON,ON,ON,OFF,ON,ON,ON
49029,ON,OFF,ON,ON,ON,OFF,ON,ON,ON
49030,ON,OFF,ON,ON,ON,OFF,ON,ON,ON
49031,ON,OFF,ON,ON,ON,OFF,ON,ON,ON
49035,ON,OFF,ON,ON,ON,OFF,ON,ON,ON
49042,ON,OFF,ON,ON,ON,OFF,ON,ON,ON
49045,ON,OFF,ON,ON,ON,OFF,ON,ON,ON
49048,ON,OFF,ON,ON,ON,OFF,ON,ON,ON
49053,ON,OFF,ON,ON,ON,OFF,ON,ON,ON
49054,ON,OFF,ON,ON,ON,OFF,ON,ON,ON
49060,ON,OFF,ON,ON,ON,OFF,ON,ON,ON
49061,ON,OFF,ON,ON,ON,OFF,ON,ON,ON
49062,ON,OFF,ON,ON,ON,OFF,ON,ON,ON
49063,ON,OFF,ON,ON,ON,OFF,ON,ON,ON
49065,ON,OFF,ON,ON,ON,OFF,ON,ON,ON
49066,ON,OFF,ON,ON,ON,OFF,ON,ON,ON
49067,ON,OFF,ON,ON,ON,OFF,ON,ON,ON
49069,ON,OFF,ON,ON,ON,OFF,ON,ON,ON
49070,ON,OFF,ON,ON,ON,OFF,ON,ON,ON
49071,ON,OFF,ON,ON,ON,OFF,ON,ON,ON
49072,ON,OFF,ON,ON,ON,OFF,ON,ON,ON
49073,ON,OFF,ON,ON,ON,OFF,ON,ON,ON
49098,ON,OFF,ON,ON,ON,OFF,ON,ON,ON
49099,ON,OFF,ON,ON,ON,OFF,ON,ON,ON
49100,ON,OFF,ON,ON,ON,OFF,ON,ON,ON
49111,ON,OFF,ON,ON,ON,OFF,ON,ON,ON
49113,ON,OFF,ON,ON,ON,OFF,ON,ON,ON
49116,ON,OFF,ON,ON,ON,OFF,ON,ON,ON
49118,ON,OFF,ON,ON,ON,OFF,ON,ON,ON
49121,ON,OFF,ON,ON,ON,OFF,ON,ON,ON
49125,ON,OFF,ON,ON,ON,OFF,ON,ON,ON
49127,ON,OFF,ON,ON,ON,OFF,ON,ON,ON
49128,ON,OFF,ON,ON,ON,OFF,ON,ON,ON
49133,ON,OFF,ON,ON,ON,OFF,ON,ON,ON
49136,ON,OFF,ON,ON,ON,OFF,ON,ON,ON
49138,ON,OFF,ON,ON,ON,OFF,ON,ON,ON
49140,ON,OFF,ON,ON,ON,OFF,ON,ON,ON
49141,ON,OFF,ON,ON,ON,OFF,ON,ON,ON
49143,ON,OFF,ON,ON,ON,OFF,ON,ON,ON
49157,ON,OFF,ON,ON,ON,OFF,ON,ON,ON
49159,ON,OFF,ON,ON,ON,OFF,ON,ON,ON
49165,ON,OFF,ON,ON,ON,OFF,ON,ON,ON
49217,ON,OFF,ON,ON,ON,OFF,ON,ON,ON
49218,ON,OFF,ON,ON,ON,OFF,ON,ON,ON
49219,ON,OFF,ON,ON,ON,OFF,ON,ON,ON
49224,ON,OFF,ON,ON,ON,OFF,ON,ON,ON
49226,ON,OFF,ON,ON,ON,OFF,ON,ON,ON
49227,ON,OFF,ON,ON,ON,OFF,ON,ON,ON
49228,ON,OFF,ON,ON,ON,OFF,ON,ON,ON
49229,ON,OFF,ON,ON,ON,OFF,ON,ON,ON
49230,ON,OFF,ON,ON,ON,OFF,ON,ON,ON
49233,ON,OFF,ON,ON,ON,OFF,ON,ON,ON
49240,ON,OFF,ON,ON,ON,OFF,ON,ON,ON
49241,ON,OFF,ON,ON,ON,OFF,ON,ON,ON
49244,ON,OFF,ON,ON,ON,OFF,ON,ON,ON
49245,ON,OFF,ON,ON,ON,OFF,ON,ON,ON
49247,ON,OFF,ON,ON,ON,OFF,ON,ON,ON
49248,ON,OFF,ON,ON,ON,OFF,ON,ON,ON
49249,ON,OFF,ON,ON,ON,OFF,ON,ON,ON
49250,ON,OFF,ON,ON,ON,OFF,ON,ON,ON
49251,ON,OFF,ON,ON,ON,OFF,ON,ON,ON
49254,ON,OFF,ON,ON,ON,OFF,ON,ON,ON
49262,ON,OFF,ON,ON,ON,OFF,ON,ON,ON
49263,ON,OFF,ON,ON,ON,OFF,ON,ON,ON
49264,ON,OFF,ON,ON,ON,OFF,ON,ON,ON
49265,ON,OFF,ON,ON,ON,OFF,ON,ON,ON
49266,ON,OFF,ON,ON,ON,OFF,ON,ON,ON
49267,ON,OFF,ON,ON,ON,OFF,ON,ON,ON
49268,ON,OFF,ON,ON,ON,OFF,ON,ON,ON
49270,ON,OFF,ON,ON,ON,OFF,ON,ON,ON
49307,ON,OFF,ON,ON,ON,OFF,ON,ON,ON
49308,ON,OFF,ON,ON,ON,OFF,ON,ON,ON
49309,ON,OFF,ON,ON,ON,OFF,ON,ON,ON
49310,ON,OFF,ON,ON,ON,OFF,ON,ON,ON
49311,ON,OFF,ON,ON,ON,OFF,ON,ON,ON
49312,ON,OFF,ON,ON,ON,OFF,ON,ON,ON
49313,ON,OFF,ON,ON,ON,OFF,ON,ON,ON
49314,ON,OFF,ON,ON,ON,OFF,ON,ON,ON
49316,ON,OFF,ON,ON,ON,OFF,ON,ON,ON
49317,ON,OFF,ON,ON,ON,OFF,ON,ON,ON
49324,ON,OFF,ON,ON,ON,OFF,ON,ON,ON
49329,ON,OFF,ON,ON,ON,OFF,ON,ON,ON
49330,ON,OFF,ON,ON,ON,OFF,ON,ON,ON
49331,ON,OFF,ON,ON,ON,OFF,ON,ON,ON
49337,ON,OFF,ON,ON,ON,OFF,ON,ON,ON
49339,ON,OFF,ON,ON,ON,OFF,ON,ON,ON
49340,ON,OFF,ON,ON,ON,OFF,ON,ON,ON
49341,ON,OFF,ON,ON,ON,OFF,ON,ON,ON
49345,ON,OFF,ON,ON,ON,OFF,ON,ON,ON
49346,ON,OFF,ON,ON,ON,OFF,ON,ON,ON
49347,ON,OFF,ON,ON,ON,OFF,ON,ON,ON
49348,ON,OFF,ON,ON,ON,OFF,ON,ON,ON
49349,ON,OFF,ON,ON,ON,OFF,ON,ON,ON
49351,ON,OFF,ON,ON,ON,OFF,ON,ON,ON
49352,ON,OFF,ON,ON,ON,OFF,ON,ON,ON
49356,ON,OFF,ON,ON,ON,OFF,ON,ON,ON
49358,ON,OFF,ON,ON,ON,OFF,ON,ON,ON
49359,ON,OFF,ON,ON,ON,OFF,ON,ON,ON
49360,ON,OFF,ON,ON,ON,OFF,ON,ON,ON
49361,ON,OFF,ON,ON,ON,OFF,ON,ON,ON
49362,ON,OFF,ON,ON,ON,OFF,ON,ON,ON
49365,ON,OFF,ON,ON,ON,OFF,ON,ON,ON
49366,ON,OFF,ON,ON,ON,OFF,ON,ON,ON
49367,ON,OFF,ON,ON,ON,OFF,ON,ON,ON
49368,ON,OFF,ON,ON,ON,OFF,ON,ON,ON
49369,ON,OFF,ON,ON,ON,OFF,ON,ON,ON
49374,ON,OFF,ON,ON,ON,OFF,ON,ON,ON
49376,ON,OFF,ON,ON,ON,OFF,ON,ON,ON
49377,ON,OFF,ON,ON,ON,OFF,ON,ON,ON
49378,ON,OFF,ON,ON,ON,OFF,ON,ON,ON
49379,ON,OFF,ON,ON,ON,OFF,ON,ON,ON
49380,ON,OFF,ON,ON,ON,OFF,ON,ON,ON
49381,ON,OFF,ON,ON,ON,OFF,ON,ON,ON
49382,ON,OFF,ON,ON,ON,OFF,ON,ON,ON
49383,ON,OFF,ON,ON,ON,OFF,ON,ON,ON
49384,ON,OFF,ON,ON,ON,OFF,ON,ON,ON
49385,ON,OFF,ON,ON,ON,OFF,ON,ON,ON
49390,ON,OFF,ON,ON,ON,OFF,ON,ON,ON
49432,ON,OFF,ON,ON,ON,OFF,ON,ON,ON
49433,ON,OFF,ON,ON,ON,OFF,ON,ON,ON
49434,ON,OFF,ON,ON,ON,OFF,ON,ON,ON
49435,ON,OFF,ON,ON,ON,OFF,ON,ON,ON
49437,ON,OFF,ON,ON,ON,OFF,ON,ON,ON
49438,ON,OFF,ON,ON,ON,OFF,ON,ON,ON
49439,ON,OFF,ON,ON,ON,OFF,ON,ON,ON
49440,ON,OFF,ON,ON,ON,OFF,ON,ON,ON
49445,ON,OFF,ON,ON,ON,OFF,ON,ON,ON
49446,ON,OFF,ON,ON,ON,OFF,ON,ON,ON
49447,ON,OFF,ON,ON,ON,OFF,ON,ON,ON
49448,ON,OFF,ON,ON,ON,OFF,ON,ON,ON
49449,ON,OFF,ON,ON,ON,OFF,ON,ON,ON
49451,ON,OFF,ON,ON,ON,OFF,ON,ON,ON
49452,ON,OFF,ON,ON,ON,OFF,ON,ON,ON
49453,ON,OFF,ON,ON,ON,OFF,ON,ON,ON
49454,ON,OFF,ON,ON,ON,OFF,ON,ON,ON
49455,ON,OFF,ON,ON,ON,OFF,ON,ON,ON
49456,ON,OFF,ON,ON,ON,OFF,ON,ON,ON
49457,ON,OFF,ON,ON,ON,OFF,ON,ON,ON
49464,ON,OFF,ON,ON,ON,OFF,ON,ON,ON
49466,ON,OFF,ON,ON,ON,OFF,ON,ON,ON
49468,ON,OFF,ON,ON,ON,OFF,ON,ON,ON
49652,ON,OFF,ON,ON,ON,OFF,ON,ON,ON
49653,ON,OFF,ON,ON,ON,OFF,ON,ON,ON
49655,ON,OFF,ON,ON,ON,OFF,ON,ON,ON
49656,ON,OFF,ON,ON,ON,OFF,ON,ON,ON
49658,ON,OFF,ON,ON,ON,OFF,ON,ON,ON
49659,ON,OFF,ON,ON,ON,OFF,ON,ON,ON
49660,ON,OFF,ON,ON,ON,OFF,ON,ON,ON
49661,ON,OFF,ON,ON,ON,OFF,ON,ON,ON
49662,ON,OFF,ON,ON,ON,OFF,ON,ON,ON
49664,ON,OFF,ON,ON,ON,OFF,ON,ON,ON
49736,ON,OFF,ON,ON,ON,OFF,ON,ON,ON
49737,ON,OFF,ON,ON,ON,OFF,ON,ON,ON
49742,ON,OFF,ON,ON,ON,OFF,ON,ON,ON
49743,ON,OFF,ON,ON,ON,OFF,ON,ON,ON
49749,ON,OFF,ON,ON,ON,OFF,ON,ON,ON
49751,ON,OFF,ON,ON,ON,OFF,ON,ON,ON
49752,ON,OFF,ON,ON,ON,OFF,ON,ON,ON
49756,ON,OFF,ON,ON,ON,OFF,ON,ON,ON
49758,ON,OFF,ON,ON,ON,OFF,ON,ON,ON
49760,ON,OFF,ON,ON,ON,OFF,ON,ON,ON
49761,ON,OFF,ON,ON,ON,OFF,ON,ON,ON
49762,ON,OFF,ON,ON,ON,OFF,ON,ON,ON
49919,ON,OFF,ON,ON,ON,OFF,ON,ON,ON
49922,ON,OFF,ON,ON,ON,OFF,ON,ON,ON
49923,ON,OFF,ON,ON,ON,OFF,ON,ON,ON
49925,ON,OFF,ON,ON,ON,OFF,ON,ON,ON
49926,ON,OFF,ON,ON,ON,OFF,ON,ON,ON
49928,ON,OFF,ON,ON,ON,OFF,ON,ON,ON
49930,ON,OFF,ON,ON,ON,OFF,ON,ON,ON
49934,ON,OFF,ON,ON,ON,OFF,ON,ON,ON
49959,ON,OFF,ON,ON,ON,OFF,ON,ON,ON
49962,ON,OFF,ON,ON,ON,OFF,ON,ON,ON
49964,ON,OFF,ON,ON,ON,OFF,ON,ON,ON
49966,ON,OFF,ON,ON,ON,OFF,ON,ON,ON
49967,ON,OFF,ON,ON,ON,OFF,ON,ON,ON
49968,ON,OFF,ON,ON,ON,OFF,ON,ON,ON
49969,ON,OFF,ON,ON,ON,OFF,ON,ON,ON
49970,ON,OFF,ON,ON,ON,OFF,ON,ON,ON
50033,ON,OFF,ON,ON,ON,OFF,ON,ON,ON
50034,ON,OFF,ON,ON,ON,OFF,ON,ON,ON
50036,ON,OFF,ON,ON,ON,OFF,ON,ON,ON
50045,ON,OFF,ON,ON,ON,OFF,ON,ON,ON
50046,ON,OFF,ON,ON,ON,OFF,ON,ON,ON
50047,ON,OFF,ON,ON,ON,OFF,ON,ON,ON
50068,ON,OFF,ON,ON,ON,OFF,ON,ON,ON
50070,ON,OFF,ON,ON,ON,OFF,ON,ON,ON
50073,ON,OFF,ON,ON,ON,OFF,ON,ON,ON
50076,ON,OFF,ON,ON,ON,OFF,ON,ON,ON
50253,ON,OFF,ON,ON,ON,OFF,ON,ON,ON
50262,ON,OFF,ON,ON,ON,OFF,ON,ON,ON
50283,ON,OFF,ON,ON,ON,OFF,ON,ON,ON
50330,ON,OFF,ON,ON,ON,OFF,ON,ON,ON
50343,ON,OFF,ON,ON,ON,OFF,ON,ON,ON
50356,ON,OFF,ON,ON,ON,OFF,ON,ON,ON
50376,ON,OFF,ON,ON,ON,OFF,ON,ON,ON
50463,ON,OFF,ON,ON,ON,OFF,ON,ON,ON
50464,ON,OFF,ON,ON,ON,OFF,ON,ON,ON
50465,ON,OFF,ON,ON,ON,OFF,ON,ON,ON
50466,ON,OFF,ON,ON,ON,OFF,ON,ON,ON
50467,ON,OFF,ON,ON,ON,OFF,ON,ON,ON
50468,ON,OFF,ON,ON,ON,OFF,ON,ON,ON
50470,ON,OFF,ON,ON,ON,OFF,ON,ON,ON
50471,ON,OFF,ON,ON,ON,OFF,ON,ON,ON
50483,ON,OFF,ON,ON,ON,OFF,ON,ON,ON
50491,ON,OFF,ON,ON,ON,OFF,ON,ON,ON
50492,ON,OFF,ON,ON,ON,OFF,ON,ON,ON
50496,ON,OFF,ON,ON,ON,OFF,ON,ON,ON
50497,ON,OFF,ON,ON,ON,OFF,ON,ON,ON
50500,ON,OFF,ON,ON,ON,OFF,ON,ON,ON
50501,ON,OFF,ON,ON,ON,OFF,ON,ON,ON
50520,ON,OFF,ON,ON,ON,OFF,ON,ON,ON
50522,ON,OFF,ON,ON,ON,OFF,ON,ON,ON
50526,ON,OFF,ON,ON,ON,OFF,ON,ON,ON
50527,ON,OFF,ON,ON,ON,OFF,ON,ON,ON
50528,ON,OFF,ON,ON,ON,OFF,ON,ON,ON
50529,ON,OFF,ON,ON,ON,OFF,ON,ON,ON
50531,ON,OFF,ON,ON,ON,OFF,ON,ON,ON
50535,ON,OFF,ON,ON,ON,OFF,ON,ON,ON
50536,ON,OFF,ON,ON,ON,OFF,ON,ON,ON
50546,ON,OFF,ON,ON,ON,OFF,ON,ON,ON
50548,ON,OFF,ON,ON,ON,OFF,ON,ON,ON
50549,ON,OFF,ON,ON,ON,OFF,ON,ON,ON
50550,ON,OFF,ON,ON,ON,OFF,ON,ON,ON
50551,ON,OFF,ON,ON,ON,OFF,ON,ON,ON
50554,ON,OFF,ON,ON,ON,OFF,ON,ON,ON
50561,ON,OFF,ON,ON,ON,OFF,ON,ON,ON
50563,ON,OFF,ON,ON,ON,OFF,ON,ON,ON
50564,ON,OFF,ON,ON,ON,OFF,ON,ON,ON
50569,ON,OFF,ON,ON,ON,OFF,ON,ON,ON
50599,ON,OFF,ON,ON,ON,OFF,ON,ON,ON
50600,ON,OFF,ON,ON,ON,OFF,ON,ON,ON
50601,ON,OFF,ON,ON,ON,OFF,ON,ON,ON
50602,ON,OFF,ON,ON,ON,OFF,ON,ON,ON
50603,ON,OFF,ON,ON,ON,OFF,ON,ON,ON
50605,ON,OFF,ON,ON,ON,OFF,ON,ON,ON
50606,ON,OFF,ON,ON,ON,OFF,ON,ON,ON
50607,ON,OFF,ON,ON,ON,OFF,ON,ON,ON
50613,ON,OFF,ON,ON,ON,OFF,ON,ON,ON
50615,ON,OFF,ON,ON,ON,OFF,ON,ON,ON
50650,ON,OFF,ON,ON,ON,OFF,ON,ON,ON
50655,ON,OFF,ON,ON,ON,OFF,ON,ON,ON
50658,ON,OFF,ON,ON,ON,OFF,ON,ON,ON
50660,ON,OFF,ON,ON,ON,OFF,ON,ON,ON
50661,ON,OFF,ON,ON,ON,OFF,ON,ON,ON
50662,ON,OFF,ON,ON,ON,OFF,ON,ON,ON
50663,ON,OFF,ON,ON,ON,OFF,ON,ON,ON
50664,ON,OFF,ON,ON,ON,OFF,ON,ON,ON
50666,ON,OFF,ON,ON,ON,OFF,ON,ON,ON
50668,ON,OFF,ON,ON,ON,OFF,ON,ON,ON
50670,ON,OFF,ON,ON,ON,OFF,ON,ON,ON
50671,ON,OFF,ON,ON,ON,OFF,ON,ON,ON
50673,ON,OFF,ON,ON,ON,OFF,ON,ON,ON
50674,ON,OFF,ON,ON,ON,OFF,ON,ON,ON
50676,ON,OFF,ON,ON,ON,OFF,ON,ON,ON
50677,ON,OFF,ON,ON,ON,OFF,ON,ON,ON
50853,ON,OFF,ON,ON,ON,OFF,ON,ON,ON
50857,ON,OFF,ON,ON,ON,OFF,ON,ON,ON
50874,ON,OFF,ON,ON,ON,OFF,ON,ON,ON
50875,ON,OFF,ON,ON,ON,OFF,ON,ON,ON
50885,ON,OFF,ON,ON,ON,OFF,ON,ON,ON
50886,ON,OFF,ON,ON,ON,OFF,ON,ON,ON
50887,ON,OFF,ON,ON,ON,OFF,ON,ON,ON
50889,ON,OFF,ON,ON,ON,OFF,ON,ON,ON
50897,ON,OFF,ON,ON,ON,OFF,ON,ON,ON
50962,ON,OFF,ON,ON,ON,OFF,ON,ON,ON
50965,ON,OFF,ON,ON,ON,OFF,ON,ON,ON
50969,ON,OFF,ON,ON,ON,OFF,ON,ON,ON
50981,ON,OFF,ON,ON,ON,OFF,ON,ON,ON
50987,ON,OFF,ON,ON,ON,OFF,ON,ON,ON
50992,ON,OFF,ON,ON,ON,OFF,ON,ON,ON
50996,ON,OFF,ON,ON,ON,OFF,ON,ON,ON
51012,ON,OFF,ON,ON,ON,OFF,ON,ON,ON
51015,ON,OFF,ON,ON,ON,OFF,ON,ON,ON
51093,ON,OFF,ON,ON,ON,OFF,ON,ON,ON
51095,ON,OFF,ON,ON,ON,OFF,ON,ON,ON
51152,ON,OFF,ON,ON,ON,OFF,ON,ON,ON
51154,ON,OFF,ON,ON,ON,OFF,ON,ON,ON
51160,ON,OFF,ON,ON,ON,OFF,ON,ON,ON
51161,ON,OFF,ON,ON,ON,OFF,ON,ON,ON
51162,ON,OFF,ON,ON,ON,OFF,ON,ON,ON
51163,ON,OFF,ON,ON,ON,OFF,ON,ON,ON
51166,ON,OFF,ON,ON,ON,OFF,ON,ON,ON
51167,ON,OFF,ON,ON,ON,OFF,ON,ON,ON
51171,ON,OFF,ON,ON,ON,OFF,ON,ON,ON
51172,ON,OFF,ON,ON,ON,OFF,ON,ON,ON
51176,ON,OFF,ON,ON,ON,OFF,ON,ON,ON
51177,ON,OFF,ON,ON,ON,OFF,ON,ON,ON
51179,ON,OFF,ON,ON,ON,OFF,ON,ON,ON
51183,ON,OFF,ON,ON,ON,OFF,ON,ON,ON
51188,ON,OFF,ON,ON,ON,OFF,ON,ON,ON
51200,ON,OFF,ON,ON,ON,OFF,ON,ON,ON
51201,ON,OFF,ON,ON,ON,OFF,ON,ON,ON
51202,ON,OFF,ON,ON,ON,OFF,ON,ON,ON
51208,ON,OFF,ON,ON,ON,OFF,ON,ON,ON
51209,ON,OFF,ON,ON,ON,OFF,ON,ON,ON
51210,ON,OFF,ON,ON,ON,OFF,ON,ON,ON
51211,ON,OFF,ON,ON,ON,OFF,ON,ON,ON
51212,ON,OFF,ON,ON,ON,OFF,ON,ON,ON
51213,ON,OFF,ON,ON,ON,OFF,ON,ON,ON
51214,ON,OFF,ON,ON,ON,OFF,ON,ON,ON
51215,ON,OFF,ON,ON,ON,OFF,ON,ON,ON
51220,ON,OFF,ON,ON,ON,OFF,ON,ON,ON
51221,ON,OFF,ON,ON,ON,OFF,ON,ON,ON
51222,ON,OFF,ON,ON,ON,OFF,ON,ON,ON
51225,ON,OFF,ON,ON,ON,OFF,ON,ON,ON
51229,ON,OFF,ON,ON,ON,OFF,ON,ON,ON
51230,ON,OFF,ON,ON,ON,OFF,ON,ON,ON
51234,ON,OFF,ON,ON,ON,OFF,ON,ON,ON
51236,ON,OFF,ON,ON,ON,OFF,ON,ON,ON
51237,ON,OFF,ON,ON,ON,OFF,ON,ON,ON
51274,ON,OFF,ON,ON,ON,OFF,ON,ON,ON
51277,ON,OFF,ON,ON,ON,OFF,ON,ON,ON
51279,ON,OFF,ON,ON,ON,OFF,ON,ON,ON
51281,ON,OFF,ON,ON,ON,OFF,ON,ON,ON
51282,ON,OFF,ON,ON,ON,OFF,ON,ON,ON
51283,ON,OFF,ON,ON,ON,OFF,ON,ON,ON
51285,ON,OFF,ON,ON,ON,OFF,ON,ON,ON
51297,ON,OFF,ON,ON,ON,OFF,OFF,ON,ON
51300,ON,OFF,ON,ON,ON,OFF,OFF,ON,ON
51301,ON,OFF,ON,ON,ON,OFF,OFF,ON,ON
51335,ON,OFF,ON,ON,ON,OFF,ON,ON,ON
51337,ON,OFF,ON,ON,ON,OFF,ON,ON,ON
51370,ON,OFF,ON,ON,ON,OFF,ON,ON,ON
51374,ON,OFF,ON,ON,ON,OFF,ON,ON,ON
51487,ON,OFF,ON,ON,ON,OFF,ON,ON,ON
51489,OFF,OFF,ON,ON,ON,OFF,ON,ON,ON
51490,ON,OFF,ON,ON,ON,OFF,ON,ON,ON
51491,ON,OFF,ON,ON,ON,OFF,ON,ON,ON
51492,ON,OFF,ON,ON,ON,OFF,ON,ON,ON
51493,ON,OFF,ON,ON,ON,OFF,ON,ON,ON
51494,ON,OFF,ON,ON,ON,OFF,ON,ON,ON
51495,ON,OFF,ON,ON,ON,OFF,ON,ON,ON
51502,ON,OFF,ON,ON,ON,OFF,ON,ON,ON
51504,ON,OFF,ON,ON,ON,OFF,ON,ON,ON
51506,ON,OFF,ON,ON,ON,OFF,ON,ON,ON
51508,ON,OFF,ON,ON,ON,OFF,ON,ON,ON
51509,ON,OFF,ON,ON,ON,OFF,ON,ON,ON
51510,ON,OFF,ON,ON,ON,OFF,ON,ON,ON
51511,ON,OFF,ON,ON,ON,OFF,ON,ON,ON
51517,ON,OFF,ON,ON,ON,OFF,ON,ON,ON
51518,ON,OFF,ON,ON,ON,OFF,ON,ON,ON
51520,ON,OFF,ON,ON,ON,OFF,ON,ON,ON
51562,ON,OFF,ON,ON,ON,OFF,ON,ON,ON
51565,ON,OFF,ON,ON,ON,OFF,ON,ON,ON
51570,ON,OFF,ON,ON,ON,OFF,ON,ON,ON
51572,ON,OFF,ON,ON,ON,OFF,ON,ON,ON
51573,ON,OFF,ON,ON,ON,OFF,ON,ON,ON
51574,ON,OFF,ON,ON,ON,OFF,ON,ON,ON
51575,ON,OFF,ON,ON,ON,OFF,ON,ON,ON
51576,ON,OFF,ON,ON,ON,OFF,ON,ON,ON
51605,ON,OFF,ON,ON,ON,OFF,ON,ON,ON
51607,ON,OFF,OFF,OFF,OFF,OFF,OFF,ON,ON
51619,ON,OFF,OFF,OFF,OFF,OFF,OFF,ON,ON
51709,ON,OFF,OFF,OFF,OFF,OFF,OFF,OFF,OFF
51710,ON,OFF,OFF,OFF,OFF,OFF,OFF,OFF,OFF
51711,ON,OFF,OFF,OFF,OFF,OFF,OFF,OFF,OFF
51713,ON,OFF,OFF,OFF,OFF,OFF,OFF,OFF,OFF
51715,ON,OFF,OFF,OFF,OFF,OFF,OFF,OFF,OFF
51716,ON,OFF,OFF,OFF,OFF,OFF,OFF,OFF,OFF
51718,ON,OFF,OFF,OFF,OFF,OFF,OFF,OFF,OFF
51721,OFF,OFF,OFF,OFF,OFF,OFF,OFF,OFF,OFF
51725,OFF,OFF,OFF,OFF,OFF,OFF,OFF,OFF,OFF
51735,ON,OFF,OFF,OFF,OFF,OFF,OFF,OFF,OFF
51736,ON,OFF,OFF,OFF,OFF,OFF,OFF,OFF,OFF
51740,ON,OFF,OFF,OFF,OFF,OFF,OFF,OFF,OFF
51742,ON,OFF,OFF,OFF,OFF,OFF,OFF,OFF,OFF
51777,ON,OFF,OFF,OFF,OFF,OFF,OFF,OFF,OFF
51824,ON,OFF,OFF,OFF,OFF,OFF,OFF,OFF,OFF
51827,ON,OFF,OFF,OFF,OFF,OFF,OFF,OFF,OFF
51830,ON,OFF,OFF,OFF,OFF,OFF,OFF,OFF,OFF
51837,ON,OFF,OFF,OFF,OFF,OFF,OFF,OFF,OFF
51839,ON,OFF,OFF,OFF,OFF,OFF,OFF,OFF,OFF
51841,ON,OFF,OFF,OFF,OFF,OFF,OFF,OFF,OFF
51843,ON,OFF,OFF,OFF,OFF,OFF,OFF,OFF,OFF
51854,ON,OFF,OFF,OFF,OFF,OFF,OFF,OFF,OFF
51858,ON,OFF,OFF,OFF,OFF,OFF,OFF,OFF,OFF
51874,ON,OFF,OFF,OFF,OFF,OFF,OFF,OFF,OFF
51881,ON,OFF,OFF,OFF,OFF,OFF,OFF,OFF,OFF
51886,ON,OFF,OFF,OFF,OFF,OFF,OFF,OFF,OFF
51900,ON,OFF,OFF,OFF,OFF,OFF,OFF,OFF,OFF
51901,ON,OFF,OFF,OFF,OFF,OFF,OFF,OFF,OFF
51902,ON,OFF,OFF,OFF,OFF,OFF,OFF,OFF,OFF
51905,ON,OFF,OFF,OFF,OFF,OFF,OFF,OFF,OFF
51907,ON,OFF,OFF,OFF,OFF,OFF,OFF,OFF,OFF
51908,ON,OFF,OFF,OFF,OFF,OFF,OFF,OFF,OFF
51909,ON,OFF,OFF,OFF,OFF,OFF,OFF,OFF,OFF
51914,ON,OFF,OFF,OFF,OFF,OFF,OFF,OFF,OFF
51915,ON,OFF,OFF,OFF,OFF,OFF,OFF,OFF,OFF
51922,ON,OFF,OFF,OFF,OFF,OFF,OFF,OFF,OFF
51924,ON,OFF,OFF,OFF,OFF,OFF,OFF,OFF,OFF
51927,ON,OFF,OFF,OFF,OFF,OFF,OFF,OFF,OFF
51928,ON,OFF,OFF,OFF,OFF,OFF,OFF,OFF,OFF
51933,ON,OFF,OFF,OFF,OFF,OFF,OFF,OFF,OFF
51934,ON,OFF,OFF,OFF,OFF,OFF,OFF,OFF,OFF
51940,ON,OFF,OFF,OFF,OFF,OFF,OFF,OFF,OFF
51945,ON,OFF,OFF,OFF,OFF,OFF,OFF,OFF,OFF
51946,ON,OFF,OFF,OFF,OFF,OFF,OFF,OFF,OFF
51949,ON,OFF,OFF,OFF,OFF,OFF,OFF,OFF,OFF
51952,ON,OFF,OFF,OFF,OFF,OFF,OFF,OFF,OFF
51953,ON,OFF,OFF,OFF,OFF,OFF,OFF,OFF,OFF
51954,ON,OFF,OFF,OFF,OFF,OFF,OFF,OFF,OFF
51958,ON,OFF,OFF,OFF,OFF,OFF,OFF,OFF,OFF
51977,ON,OFF,OFF,OFF,OFF,OFF,OFF,OFF,OFF
51978,ON,OFF,OFF,OFF,OFF,OFF,OFF,OFF,OFF
51982,ON,OFF,OFF,OFF,OFF,OFF,OFF,OFF,OFF
51985,ON,OFF,OFF,OFF,OFF,OFF,OFF,OFF,OFF
51986,ON,OFF,OFF,OFF,OFF,OFF,OFF,OFF,OFF
51987,ON,OFF,OFF,OFF,OFF,OFF,OFF,OFF,OFF
51990,ON,OFF,OFF,OFF,OFF,OFF,OFF,OFF,OFF
51997,ON,OFF,OFF,OFF,OFF,OFF,OFF,OFF,OFF
51998,ON,OFF,OFF,OFF,OFF,OFF,OFF,OFF,OFF
51999,ON,OFF,OFF,OFF,OFF,OFF,OFF,OFF,OFF
52005,ON,OFF,OFF,OFF,OFF,OFF,OFF,OFF,OFF
52015,ON,OFF,OFF,OFF,OFF,OFF,OFF,OFF,OFF
52018,ON,OFF,OFF,OFF,OFF,OFF,OFF,OFF,OFF
52022,ON,OFF,OFF,OFF,OFF,OFF,OFF,OFF,OFF
52026,ON,OFF,OFF,OFF,OFF,OFF,OFF,OFF,OFF
52030,ON,OFF,OFF,OFF,OFF,OFF,OFF,OFF,OFF
52032,ON,OFF,OFF,OFF,OFF,OFF,OFF,OFF,OFF
52035,ON,OFF,OFF,OFF,OFF,OFF,OFF,OFF,OFF
52036,ON,OFF,OFF,OFF,OFF,OFF,OFF,OFF,OFF
52037,ON,OFF,OFF,OFF,OFF,OFF,OFF,OFF,OFF
52044,ON,OFF,OFF,OFF,OFF,OFF,OFF,OFF,OFF
52046,ON,OFF,OFF,OFF,OFF,OFF,OFF,OFF,OFF
52047,ON,OFF,OFF,OFF,OFF,OFF,OFF,OFF,OFF
52048,ON,OFF,OFF,OFF,OFF,OFF,OFF,OFF,OFF
52049,ON,OFF,OFF,OFF,OFF,OFF,OFF,OFF,OFF
52052,ON,OFF,OFF,OFF,OFF,OFF,OFF,OFF,OFF
52060,ON,OFF,OFF,OFF,OFF,OFF,OFF,OFF,OFF
52062,ON,OFF,OFF,OFF,OFF,OFF,OFF,OFF,OFF
52067,ON,OFF,OFF,OFF,OFF,OFF,OFF,OFF,OFF
52068,ON,OFF,OFF,OFF,OFF,OFF,OFF,OFF,OFF
52069,ON,OFF,OFF,OFF,OFF,OFF,OFF,OFF,OFF
52097,ON,OFF,OFF,OFF,OFF,OFF,OFF,OFF,OFF
52099,ON,OFF,OFF,OFF,OFF,OFF,OFF,OFF,OFF
52101,ON,OFF,OFF,OFF,OFF,OFF,OFF,OFF,OFF
52102,ON,OFF,OFF,OFF,OFF,OFF,OFF,OFF,OFF
52103,ON,OFF,OFF,OFF,OFF,OFF,OFF,OFF,OFF
52107,ON,OFF,OFF,OFF,OFF,OFF,OFF,OFF,OFF
52108,ON,OFF,OFF,OFF,OFF,OFF,OFF,OFF,OFF
52110,ON,OFF,OFF,OFF,OFF,OFF,OFF,OFF,OFF
52111,ON,OFF,OFF,OFF,OFF,OFF,OFF,OFF,OFF
52112,ON,OFF,OFF,OFF,OFF,OFF,OFF,OFF,OFF
52145,ON,OFF,OFF,OFF,OFF,OFF,OFF,OFF,OFF
52146,ON,OFF,OFF,OFF,OFF,OFF,OFF,OFF,OFF
52265,ON,OFF,OFF,OFF,OFF,OFF,OFF,OFF,OFF
52266,ON,OFF,OFF,OFF,OFF,OFF,OFF,OFF,OFF
52269,ON,OFF,OFF,OFF,OFF,OFF,OFF,OFF,OFF
52270,ON,OFF,OFF,OFF,OFF,OFF,OFF,OFF,OFF
52271,ON,OFF,OFF,OFF,OFF,OFF,OFF,OFF,OFF
52278,ON,OFF,OFF,OFF,OFF,OFF,OFF,OFF,OFF
52286,ON,OFF,OFF,OFF,OFF,OFF,OFF,OFF,OFF
52288,ON,OFF,OFF,OFF,OFF,OFF,OFF,OFF,OFF
52289,ON,OFF,OFF,OFF,OFF,OFF,OFF,OFF,OFF
52290,ON,OFF,OFF,OFF,OFF,OFF,OFF,OFF,OFF
52291,ON,OFF,OFF,OFF,OFF,OFF,OFF,OFF,OFF
52292,ON,OFF,OFF,OFF,OFF,OFF,OFF,OFF,OFF
52294,ON,OFF,OFF,OFF,OFF,OFF,OFF,OFF,OFF
52296,ON,OFF,OFF,OFF,OFF,OFF,OFF,OFF,OFF
52302,ON,OFF,OFF,OFF,OFF,OFF,OFF,OFF,OFF
52303,ON,OFF,OFF,OFF,OFF,OFF,OFF,OFF,OFF
52304,ON,OFF,OFF,OFF,OFF,OFF,OFF,OFF,OFF
52308,ON,OFF,OFF,OFF,OFF,OFF,OFF,OFF,OFF
52309,ON,OFF,OFF,OFF,OFF,OFF,OFF,OFF,OFF
52314,ON,OFF,OFF,OFF,OFF,OFF,OFF,OFF,OFF
52318,ON,OFF,OFF,OFF,OFF,OFF,OFF,OFF,OFF
52323,ON,OFF,OFF,OFF,OFF,OFF,OFF,OFF,OFF
52324,ON,OFF,OFF,OFF,OFF,OFF,OFF,OFF,OFF
52325,ON,OFF,OFF,OFF,OFF,OFF,OFF,OFF,OFF
52326,ON,OFF,OFF,OFF,OFF,OFF,OFF,OFF,OFF
52327,ON,OFF,OFF,OFF,OFF,OFF,OFF,OFF,OFF
52343,ON,OFF,OFF,OFF,OFF,OFF,OFF,OFF,OFF
52346,ON,OFF,OFF,OFF,OFF,OFF,OFF,OFF,OFF
52347,ON,OFF,OFF,OFF,OFF,OFF,OFF,OFF,OFF
52348,ON,OFF,OFF,OFF,OFF,OFF,OFF,OFF,OFF
52349,ON,OFF,OFF,OFF,OFF,OFF,OFF,OFF,OFF
52357,ON,OFF,OFF,OFF,OFF,OFF,OFF,OFF,OFF
52359,ON,OFF,OFF,OFF,OFF,OFF,OFF,OFF,OFF
52360,ON,OFF,OFF,OFF,OFF,OFF,OFF,OFF,OFF
52361,ON,OFF,OFF,OFF,OFF,OFF,OFF,OFF,OFF
52367,ON,OFF,OFF,OFF,OFF,OFF,OFF,OFF,OFF
52369,ON,OFF,OFF,OFF,OFF,OFF,OFF,OFF,OFF
52393,ON,OFF,OFF,OFF,OFF,OFF,OFF,OFF,OFF
52394,ON,OFF,OFF,OFF,OFF,OFF,OFF,OFF,OFF
52414,ON,OFF,OFF,OFF,OFF,OFF,OFF,OFF,OFF
52424,ON,OFF,OFF,OFF,OFF,OFF,OFF,OFF,OFF
52432,ON,OFF,OFF,OFF,OFF,OFF,OFF,OFF,OFF
52444,ON,OFF,OFF,OFF,OFF,OFF,OFF,OFF,OFF
52447,ON,OFF,OFF,OFF,OFF,OFF,OFF,OFF,OFF
52449,ON,OFF,OFF,OFF,OFF,OFF,OFF,OFF,OFF
52462,ON,OFF,OFF,OFF,OFF,OFF,OFF,OFF,OFF
52463,ON,OFF,OFF,OFF,OFF,OFF,OFF,OFF,OFF
52472,ON,OFF,OFF,OFF,OFF,OFF,OFF,OFF,OFF
52482,ON,OFF,OFF,OFF,OFF,OFF,OFF,OFF,OFF
52495,ON,OFF,OFF,OFF,OFF,OFF,OFF,OFF,OFF
52518,ON,OFF,OFF,OFF,OFF,OFF,OFF,OFF,OFF
52519,ON,OFF,OFF,OFF,OFF,OFF,OFF,OFF,OFF
52520,ON,OFF,OFF,OFF,OFF,OFF,OFF,OFF,OFF
52521,ON,OFF,OFF,OFF,OFF,OFF,OFF,OFF,OFF
52522,ON,OFF,OFF,OFF,OFF,OFF,OFF,OFF,OFF
52538,ON,OFF,OFF,OFF,OFF,OFF,OFF,OFF,OFF
52539,ON,OFF,OFF,OFF,OFF,OFF,OFF,OFF,OFF
52540,ON,OFF,OFF,OFF,OFF,OFF,OFF,OFF,OFF
52558,ON,OFF,OFF,OFF,OFF,OFF,OFF,OFF,OFF
52575,ON,OFF,OFF,OFF,OFF,OFF,OFF,OFF,OFF
52576,ON,OFF,OFF,OFF,OFF,OFF,OFF,OFF,OFF
52579,ON,OFF,OFF,OFF,OFF,OFF,OFF,OFF,OFF
52580,ON,OFF,OFF,OFF,OFF,OFF,OFF,OFF,OFF
52584,ON,OFF,OFF,OFF,OFF,OFF,OFF,OFF,OFF
52585,ON,OFF,OFF,OFF,OFF,OFF,OFF,OFF,OFF
52592,ON,OFF,OFF,OFF,OFF,OFF,OFF,OFF,OFF
52593,ON,OFF,OFF,OFF,OFF,OFF,OFF,OFF,OFF
52594,ON,OFF,OFF,OFF,OFF,OFF,OFF,OFF,OFF
52595,ON,OFF,OFF,OFF,OFF,OFF,OFF,OFF,OFF
52596,ON,OFF,OFF,OFF,OFF,OFF,OFF,OFF,OFF
52611,ON,OFF,OFF,OFF,OFF,OFF,OFF,OFF,OFF
52614,ON,OFF,OFF,OFF,OFF,OFF,OFF,OFF,OFF
52615,ON,OFF,OFF,OFF,OFF,OFF,OFF,OFF,OFF
52617,ON,OFF,OFF,OFF,OFF,OFF,OFF,OFF,OFF
52623,ON,OFF,OFF,OFF,OFF,OFF,OFF,OFF,OFF
52624,ON,OFF,OFF,OFF,OFF,OFF,OFF,OFF,OFF
52625,ON,OFF,OFF,OFF,OFF,OFF,OFF,OFF,OFF
52626,ON,OFF,OFF,OFF,OFF,OFF,OFF,OFF,OFF
52638,ON,OFF,OFF,OFF,OFF,OFF,OFF,OFF,OFF
52649,ON,OFF,OFF,OFF,OFF,OFF,OFF,OFF,OFF
52651,ON,OFF,OFF,OFF,OFF,OFF,OFF,OFF,OFF
52653,ON,OFF,OFF,OFF,OFF,OFF,OFF,OFF,OFF
52660,ON,OFF,OFF,OFF,OFF,OFF,OFF,OFF,OFF
52661,ON,OFF,OFF,OFF,OFF,OFF,OFF,OFF,OFF
52682,ON,OFF,OFF,OFF,OFF,OFF,OFF,OFF,OFF
52690,ON,OFF,OFF,OFF,OFF,OFF,OFF,OFF,OFF
52692,ON,OFF,OFF,OFF,OFF,OFF,OFF,OFF,OFF
52704,ON,OFF,OFF,OFF,OFF,OFF,OFF,OFF,OFF
52718,ON,OFF,OFF,OFF,OFF,OFF,OFF,OFF,OFF
52721,ON,OFF,OFF,OFF,OFF,OFF,OFF,OFF,OFF
52755,ON,OFF,OFF,OFF,OFF,OFF,OFF,OFF,OFF
52811,ON,OFF,OFF,OFF,OFF,OFF,OFF,OFF,OFF
52815,ON,OFF,OFF,OFF,OFF,OFF,OFF,OFF,OFF
52846,ON,OFF,OFF,OFF,OFF,OFF,OFF,OFF,OFF
52887,ON,OFF,OFF,OFF,OFF,OFF,OFF,OFF,OFF
52888,ON,OFF,OFF,OFF,OFF,OFF,OFF,OFF,OFF
53046,ON,OFF,OFF,OFF,OFF,OFF,OFF,OFF,OFF
53049,ON,OFF,OFF,OFF,OFF,OFF,OFF,OFF,OFF
53284,OFF,OFF,OFF,OFF,OFF,OFF,OFF,OFF,OFF
53287,ON,OFF,OFF,OFF,OFF,OFF,OFF,OFF,OFF
53293,ON,OFF,OFF,OFF,OFF,OFF,OFF,OFF,OFF
53312,ON,OFF,OFF,OFF,OFF,OFF,OFF,OFF,OFF
53370,ON,OFF,OFF,OFF,OFF,OFF,OFF,OFF,OFF
53376,ON,OFF,OFF,OFF,OFF,OFF,OFF,OFF,OFF
53407,ON,OFF,OFF,OFF,OFF,OFF,OFF,OFF,OFF
53452,ON,OFF,OFF,OFF,OFF,OFF,OFF,OFF,OFF
53468,ON,OFF,OFF,OFF,OFF,OFF,OFF,OFF,OFF
53742,ON,OFF,OFF,OFF,OFF,OFF,OFF,OFF,OFF
53744,ON,OFF,OFF,OFF,OFF,OFF,OFF,OFF,OFF
53753,ON,OFF,OFF,OFF,OFF,OFF,OFF,OFF,OFF
53754,ON,OFF,OFF,OFF,OFF,OFF,OFF,OFF,OFF
53761,ON,OFF,OFF,OFF,OFF,OFF,OFF,OFF,OFF
53768,ON,OFF,OFF,OFF,OFF,OFF,OFF,OFF,OFF
53769,ON,OFF,OFF,OFF,OFF,OFF,OFF,OFF,OFF
53772,ON,OFF,OFF,OFF,OFF,OFF,OFF,OFF,OFF
53780,ON,OFF,OFF,OFF,OFF,OFF,OFF,OFF,OFF
53782,ON,OFF,OFF,OFF,OFF,OFF,OFF,OFF,OFF
53793,ON,OFF,OFF,OFF,OFF,OFF,OFF,OFF,OFF
53794,ON,OFF,OFF,OFF,OFF,OFF,OFF,OFF,OFF
53828,ON,OFF,OFF,OFF,OFF,OFF,OFF,OFF,OFF
53830,ON,OFF,OFF,OFF,OFF,OFF,OFF,OFF,OFF
53833,ON,OFF,OFF,OFF,OFF,OFF,OFF,OFF,OFF
53834,ON,OFF,OFF,OFF,OFF,OFF,OFF,OFF,OFF
53836,ON,OFF,OFF,OFF,OFF,OFF,OFF,OFF,OFF
53852,ON,OFF,OFF,OFF,OFF,OFF,OFF,OFF,OFF
53856,ON,OFF,OFF,OFF,OFF,OFF,OFF,OFF,OFF
53860,ON,OFF,OFF,OFF,OFF,OFF,OFF,OFF,OFF
53861,ON,OFF,OFF,OFF,OFF,OFF,OFF,OFF,OFF
53862,ON,OFF,OFF,OFF,OFF,OFF,OFF,OFF,OFF
